City_ID,City,Country,Date,Lat,Lng,Max Temp,Humidity,Cloudiness,Wind Speed
0,High Level,CA,2020-09-01 15:29:17,58.52,-117.14,53.6,76,75,8.05
1,Butaritari,KI,2020-09-01 15:29:20,3.07,172.79,83.39,76,40,14.52
2,Albany,US,2020-09-01 15:25:16,42.6,-73.97,70.0,72,90,9.17
3,Mahajanga,MG,2020-09-01 15:29:21,-15.72,46.32,84.2,51,40,9.17
4,Cherskiy,RU,2020-09-01 15:29:21,68.75,161.3,39.29,86,98,5.86
5,Atambua,ID,2020-09-01 15:29:21,-9.11,124.89,71.06,90,11,5.44
6,Punta Arenas,CL,2020-09-01 15:26:03,-53.15,-70.92,35.6,76,100,9.17
7,Saint George,US,2020-09-01 15:29:22,37.1,-113.58,75.2,22,1,4.7
8,Bredasdorp,ZA,2020-09-01 15:29:22,-34.53,20.04,62.6,72,64,19.46
9,Kahului,US,2020-09-01 15:27:43,20.89,-156.47,78.8,69,1,16.11
10,Mar Del Plata,AR,2020-09-01 15:29:09,-38.0,-57.56,46.4,61,40,11.41
11,Laguna,US,2020-09-01 15:29:23,38.42,-121.42,63.0,77,1,3.36
12,Khatanga,RU,2020-09-01 15:29:23,71.97,102.5,45.07,78,0,12.06
13,Georgetown,MY,2020-09-01 15:29:23,5.41,100.34,86.0,83,20,3.36
14,Hithadhoo,MV,2020-09-01 15:29:23,-0.6,73.08,82.18,79,100,11.72
15,Ushuaia,AR,2020-09-01 15:25:42,-54.8,-68.3,37.4,64,100,6.93
16,Kiambu,KE,2020-09-01 15:26:08,-1.17,36.83,75.2,41,75,18.34
17,Bonavista,CA,2020-09-01 15:29:24,48.65,-53.11,57.0,76,24,11.99
18,Hobart,AU,2020-09-01 15:28:56,-42.88,147.33,42.8,81,100,10.29
19,Rikitea,PF,2020-09-01 15:29:25,-23.12,-134.97,67.78,82,66,22.03
20,Tura,IN,2020-09-01 15:29:25,25.52,90.22,74.48,97,100,4.27
21,Vilyuysk,RU,2020-09-01 15:29:25,63.76,121.62,48.65,90,62,3.47
22,Muisne,EC,2020-09-01 15:29:25,0.6,-80.03,78.8,83,75,9.17
23,Kodiak,US,2020-09-01 15:25:29,57.79,-152.41,53.6,76,20,5.82
24,Namibe,AO,2020-09-01 15:25:34,-15.2,12.15,68.0,72,40,13.87
25,Pacific Grove,US,2020-09-01 15:28:00,36.62,-121.92,57.0,93,51,1.3
26,Busselton,AU,2020-09-01 15:29:26,-33.65,115.33,54.0,58,64,19.46
27,Vaini,TO,2020-09-01 15:29:27,-21.2,-175.2,75.2,88,75,5.82
28,Tiznit,MA,2020-09-01 15:29:27,29.58,-9.5,85.93,51,0,9.86
29,Denpasar,ID,2020-09-01 15:26:14,-8.65,115.22,78.8,100,20,10.29
30,Curanilahue,CL,2020-09-01 15:29:27,-37.47,-73.35,56.08,59,1,3.15
31,Campbell River,CA,2020-09-01 15:27:26,50.02,-125.24,59.0,100,75,0.96
32,Carutapera,BR,2020-09-01 15:29:28,-1.2,-46.02,86.74,60,45,10.96
33,Coquimbo,CL,2020-09-01 15:29:28,-29.95,-71.34,57.2,71,75,6.93
34,Taree,AU,2020-09-01 15:29:28,-31.9,152.47,51.8,87,4,3.91
35,Sovetskiy,RU,2020-09-01 15:29:29,61.36,63.58,51.31,94,100,2.57
36,Cayenne,GF,2020-09-01 15:29:29,4.93,-52.33,87.8,62,40,9.17
37,Ixtapa,MX,2020-09-01 15:29:29,20.7,-105.2,80.6,83,40,3.36
38,Vardo,NO,2020-09-01 15:29:30,70.37,31.11,51.8,57,20,11.41
39,Bengkulu,ID,2020-09-01 15:29:30,-3.8,102.27,77.32,89,95,9.1
40,Hermanus,ZA,2020-09-01 15:29:30,-34.42,19.23,63.0,73,100,10.0
41,East London,ZA,2020-09-01 15:29:30,-33.02,27.91,62.6,72,40,21.92
42,New Norfolk,AU,2020-09-01 15:29:31,-42.78,147.06,39.0,69,100,2.35
43,Poum,NC,2020-09-01 15:29:31,-20.23,164.02,70.63,69,64,7.34
44,Balabac,PH,2020-09-01 15:29:31,7.99,117.06,82.38,74,89,4.38
45,Atikokan,CA,2020-09-01 15:29:31,48.76,-91.62,57.81,49,83,8.05
46,Bluff,NZ,2020-09-01 15:29:32,-46.6,168.33,38.17,81,19,8.16
47,Vieux-Habitants,GP,2020-09-01 15:29:32,16.06,-61.77,87.8,66,87,10.29
48,Tamarindo,CU,2020-09-01 15:29:32,22.12,-78.91,86.59,68,28,11.95
49,Quesnel,CA,2020-09-01 15:29:32,53.0,-122.5,53.6,93,90,3.02
50,Zyryanka,RU,2020-09-01 15:29:33,65.75,150.85,40.01,82,97,7.29
51,Tigil,RU,2020-09-01 15:29:33,57.8,158.67,44.53,81,100,8.93
52,Avarua,CK,2020-09-01 15:29:33,-21.21,-159.78,73.4,78,31,16.11
53,Kenai,US,2020-09-01 15:26:02,60.55,-151.26,54.0,81,90,9.17
54,Cape Town,ZA,2020-09-01 15:25:48,-33.93,18.42,66.99,52,67,16.11
55,Provideniya,RU,2020-09-01 15:29:34,64.38,-173.3,40.19,77,24,5.01
56,Alofi,NU,2020-09-01 15:26:09,-19.06,-169.92,71.6,100,3,3.36
57,Saint-Augustin,CA,2020-09-01 15:29:34,51.23,-58.65,62.67,46,0,11.68
58,Dikson,RU,2020-09-01 15:29:35,73.51,80.55,47.23,75,92,9.33
59,Cabedelo,BR,2020-09-01 15:29:35,-6.98,-34.83,82.4,69,75,14.99
60,Rudbar,AF,2020-09-01 15:29:35,30.15,62.6,82.92,16,0,10.18
61,Ponta Do Sol,PT,2020-09-01 15:29:35,32.67,-17.1,82.4,28,20,20.8
62,Shakawe,BW,2020-09-01 15:29:36,-18.37,21.85,88.95,19,67,11.77
63,Morro Bay,US,2020-09-01 15:29:21,35.37,-120.85,61.0,92,0,0.47
64,Cabo San Lucas,MX,2020-09-01 15:25:55,22.89,-109.91,82.0,78,40,5.82
65,Bathsheba,BB,2020-09-01 15:29:36,13.22,-59.52,86.0,70,40,10.29
66,Ilulissat,GL,2020-09-01 15:29:37,69.22,-51.1,35.6,93,75,10.29
67,Erzin,TR,2020-09-01 15:29:37,36.96,36.2,84.99,85,0,8.99
68,Puerto Ayora,EC,2020-09-01 15:29:37,-0.74,-90.35,73.4,56,75,16.11
69,Necochea,AR,2020-09-01 15:29:38,-38.55,-58.74,48.0,68,0,7.0
70,Deputatskiy,RU,2020-09-01 15:29:38,69.3,139.9,29.35,97,9,3.85
71,Mataura,NZ,2020-09-01 15:29:38,-46.19,168.86,30.33,98,0,1.99
72,Airai,TL,2020-09-01 15:29:39,-8.93,125.41,58.14,100,12,3.22
73,Petropavlovskaya,RU,2020-09-01 15:29:39,45.08,40.45,89.44,31,0,10.49
74,Galle,LK,2020-09-01 15:29:12,6.04,80.22,79.38,83,100,7.34
75,Catabola,AO,2020-09-01 15:29:40,-12.15,17.28,80.6,88,40,6.93
76,Tual,ID,2020-09-01 15:29:40,-5.67,132.75,79.75,87,99,18.79
77,Tuktoyaktuk,CA,2020-09-01 15:29:40,69.45,-133.04,44.6,93,75,10.29
78,Kavieng,PG,2020-09-01 15:29:40,-2.57,150.8,80.69,75,100,1.39
79,Carnarvon,AU,2020-09-01 15:29:41,-24.87,113.63,64.4,55,90,16.11
80,Jamestown,US,2020-09-01 15:26:36,42.1,-79.24,70.0,88,90,9.17
81,Barrow,US,2020-09-01 15:25:02,71.29,-156.79,35.6,80,90,16.11
82,Northam,GB,2020-09-01 15:29:41,51.03,-4.22,66.99,73,46,3.0
83,Cidreira,BR,2020-09-01 15:25:17,-30.18,-50.21,58.28,87,100,18.37
84,Shelburne,CA,2020-09-01 15:29:42,44.08,-80.2,77.0,65,1,4.7
85,Santiago,CL,2020-09-01 15:29:42,-33.46,-70.65,54.0,93,90,3.36
86,Saint-Pierre,RE,2020-09-01 15:29:42,-21.34,55.48,71.6,64,20,12.75
87,Oistins,BB,2020-09-01 15:25:38,13.07,-59.53,86.0,70,40,10.29
88,Kapaa,US,2020-09-01 15:29:43,22.08,-159.32,78.8,78,40,16.11
89,Nanortalik,GL,2020-09-01 15:29:43,60.14,-45.24,43.99,81,85,6.44
90,Torbay,CA,2020-09-01 15:29:43,47.67,-52.73,57.99,71,75,13.87
91,Worthington,US,2020-09-01 15:29:43,40.09,-83.02,75.99,83,90,5.82
92,Saint-Philippe,RE,2020-09-01 15:29:44,-21.36,55.77,71.6,64,20,12.75
93,Chuy,UY,2020-09-01 15:29:44,-33.7,-53.46,52.61,75,100,13.47
94,Hirara,JP,2020-09-01 15:29:44,24.8,125.28,85.01,80,100,26.22
95,Agirish,RU,2020-09-01 15:29:44,61.92,63.02,50.13,94,98,5.7
96,Srednekolymsk,RU,2020-09-01 15:29:45,67.45,153.68,40.86,84,99,11.43
97,Govindgarh,IN,2020-09-01 15:29:45,27.5,76.98,85.17,72,95,6.69
98,The Valley,AI,2020-09-01 15:25:05,18.22,-63.06,86.0,74,40,19.46
99,Alta Floresta,BR,2020-09-01 15:29:45,-9.88,-56.09,95.0,34,11,5.82
100,Warman,CA,2020-09-01 15:29:46,52.32,-106.57,61.0,59,40,25.28
101,Norman Wells,CA,2020-09-01 15:25:26,65.28,-126.83,46.4,100,90,2.24
102,Tiksi,RU,2020-09-01 15:29:46,71.69,128.87,42.98,82,50,11.18
103,Bud,US,2020-09-01 15:29:46,39.45,-86.18,75.0,94,40,4.85
104,Hutchinson,US,2020-09-01 15:26:18,38.06,-97.93,68.0,94,90,5.32
105,Namie,JP,2020-09-01 15:29:47,37.48,141.0,77.0,89,100,7.87
106,Bandarbeyla,SO,2020-09-01 15:29:47,9.49,50.81,78.53,77,9,32.03
107,Atuona,PF,2020-09-01 15:29:47,-9.8,-139.03,77.83,73,42,21.56
108,Rondonopolis,BR,2020-09-01 15:29:47,-16.47,-54.64,101.23,13,0,6.69
109,Klaksvik,FO,2020-09-01 15:29:48,62.23,-6.59,51.8,100,82,12.75
110,Ahipara,NZ,2020-09-01 15:29:48,-35.17,173.17,54.1,85,95,8.43
111,Kristiansund,NO,2020-09-01 15:29:48,63.11,7.73,59.0,67,40,11.41
112,West Plains,US,2020-09-01 15:29:49,36.73,-91.85,70.0,100,90,5.82
113,Juneau,US,2020-09-01 15:29:49,58.3,-134.42,54.0,93,90,11.41
114,Kupang,ID,2020-09-01 15:29:49,-10.17,123.58,77.49,79,0,11.95
115,Baymak,RU,2020-09-01 15:29:50,52.59,58.32,70.23,61,0,5.12
116,Anloga,GH,2020-09-01 15:29:50,5.79,0.9,80.6,74,40,10.29
117,Port Alfred,ZA,2020-09-01 15:29:50,-33.59,26.89,63.46,65,85,35.16
118,Santa Isabel Do Rio Negro,BR,2020-09-01 15:29:51,-0.41,-65.02,92.1,48,2,3.6
119,Rawson,AR,2020-09-01 15:29:51,-43.3,-65.1,54.41,46,0,18.5
120,Sao Filipe,CV,2020-09-01 15:29:51,14.9,-24.5,77.34,77,100,10.18
121,Linxia,CN,2020-09-01 15:29:51,35.6,103.21,59.23,60,100,6.55
122,Gizo,SB,2020-09-01 15:29:52,-8.1,156.84,82.51,74,100,4.0
123,Port Hawkesbury,CA,2020-09-01 15:29:52,45.62,-61.35,66.99,59,1,8.05
124,Nikolskoye,RU,2020-09-01 15:29:52,59.7,30.79,60.8,51,40,8.95
125,Kavaratti,IN,2020-09-01 15:29:52,10.57,72.64,82.71,78,88,17.34
126,Goianesia,BR,2020-09-01 15:29:53,-15.32,-49.12,92.93,15,0,11.16
127,Teya,RU,2020-09-01 15:29:53,60.38,92.63,55.72,92,100,5.48
128,Bubaque,GW,2020-09-01 15:29:53,11.28,-15.83,79.11,83,98,21.68
129,Ampanihy,MG,2020-09-01 15:29:53,-24.7,44.75,71.2,72,6,14.85
130,Giyani,ZA,2020-09-01 15:29:54,-23.3,30.72,57.43,85,100,12.97
131,Saldanha,ZA,2020-09-01 15:29:54,-33.01,17.94,62.11,60,55,20.62
132,Paamiut,GL,2020-09-01 15:29:54,61.99,-49.67,43.79,86,54,12.35
133,Huainan,CN,2020-09-01 15:29:55,32.63,117.0,75.56,88,0,5.99
134,Groa,NO,2020-09-01 15:29:55,62.65,8.72,59.0,67,40,11.41
135,Bayeux,BR,2020-09-01 15:28:09,-7.12,-34.93,82.4,69,75,14.99
136,Mwinilunga,ZM,2020-09-01 15:29:55,-11.74,24.43,89.08,18,63,5.35
137,Gazli,UZ,2020-09-01 15:29:56,40.13,63.45,81.0,16,0,9.31
138,Geraldton,AU,2020-09-01 15:27:38,-28.77,114.6,59.0,77,90,9.17
139,Barinas,VE,2020-09-01 15:29:56,8.62,-70.21,84.49,62,8,4.0
140,Tasiilaq,GL,2020-09-01 15:29:56,65.61,-37.64,39.2,86,75,9.17
141,Hetauda,NP,2020-09-01 15:29:57,27.43,85.03,73.4,100,75,3.36
142,Avera,US,2020-09-01 15:29:57,33.19,-82.53,87.01,83,1,3.18
143,Magnolia,US,2020-09-01 15:29:57,33.27,-93.24,82.4,88,75,9.17
144,Udachnyy,RU,2020-09-01 15:29:57,66.42,112.4,44.6,87,90,4.47
145,Hervey Bay,AU,2020-09-01 15:28:12,-25.3,152.85,61.0,93,75,5.82
146,Codrington,AU,2020-09-01 15:29:58,-38.27,141.97,53.33,53,100,14.85
147,Vavozh,RU,2020-09-01 15:29:58,56.78,51.93,71.8,70,100,11.25
148,Farah,AF,2020-09-01 15:29:58,32.5,62.5,74.08,22,0,5.3
149,Barsovo,RU,2020-09-01 15:29:59,61.17,73.17,53.6,100,75,8.95
150,Katsuura,JP,2020-09-01 15:29:59,35.13,140.3,78.01,90,0,1.01
151,Kawalu,ID,2020-09-01 15:29:59,-7.38,108.21,70.99,89,85,0.85
152,Naze,JP,2020-09-01 15:29:59,28.37,129.48,86.0,84,90,23.04
153,Minab,IR,2020-09-01 15:30:00,27.15,57.08,102.2,16,0,4.7
154,Yellowknife,CA,2020-09-01 15:30:00,62.46,-114.35,41.0,86,75,13.87
155,Broome,US,2020-09-01 15:30:01,42.25,-75.83,70.0,77,90,6.93
156,Havelock,US,2020-09-01 15:30:02,34.88,-76.9,89.6,62,40,3.36
157,Zhangjiakou,CN,2020-09-01 15:30:02,40.81,114.88,59.27,59,0,3.27
158,Thompson,CA,2020-09-01 15:30:01,55.74,-97.86,50.0,87,75,4.7
159,Tula,RU,2020-09-01 15:30:03,54.2,37.61,65.82,77,20,7.05
160,Dingle,PH,2020-09-01 15:30:04,11.0,122.67,76.77,87,16,2.19
161,Barra Do Bugres,BR,2020-09-01 15:30:04,-15.07,-57.18,107.15,15,0,3.24
162,Bitkine,TD,2020-09-01 15:30:05,11.98,18.21,81.7,72,34,5.01
163,Longyearbyen,SJ,2020-09-01 15:30:05,78.22,15.64,39.2,86,75,16.11
164,Wanlaweyn,SO,2020-09-01 15:30:06,2.62,44.89,79.99,64,32,21.09
165,Chokurdakh,RU,2020-09-01 15:30:06,70.63,147.92,37.18,95,100,7.94
166,Oussouye,SN,2020-09-01 15:30:07,12.48,-16.55,84.2,83,75,6.93
167,Korla,CN,2020-09-01 15:30:08,41.76,86.15,77.0,86,64,3.0
168,Castro,BR,2020-09-01 15:30:08,-24.79,-50.01,70.75,67,85,10.0
169,Devli,IN,2020-09-01 15:30:08,25.75,75.38,79.93,81,55,8.59
170,Bambous Virieux,MU,2020-09-01 15:30:09,-20.34,57.76,72.0,83,75,9.17
171,Aklavik,CA,2020-09-01 15:26:56,68.22,-135.01,44.6,100,90,4.7
172,Fukue,JP,2020-09-01 15:30:09,32.69,128.84,83.62,80,100,22.32
173,Touros,BR,2020-09-01 15:30:09,-5.2,-35.46,82.4,65,40,16.11
174,Tuatapere,NZ,2020-09-01 15:30:10,-46.13,167.68,34.34,89,1,4.41
175,Nelson Bay,AU,2020-09-01 15:30:10,-32.72,152.15,55.0,93,1,13.89
176,Fortuna,US,2020-09-01 15:30:11,40.6,-124.16,55.0,100,1,2.04
177,Clyde River,CA,2020-09-01 15:30:11,70.47,-68.59,44.6,70,20,9.17
178,Wanning,CN,2020-09-01 15:30:11,18.8,110.4,81.32,81,41,0.81
179,Gigmoto,PH,2020-09-01 15:30:12,13.78,124.39,81.81,79,63,8.59
180,Bethel,US,2020-09-01 15:30:12,41.37,-73.41,72.0,77,90,6.93
181,Qaanaaq,GL,2020-09-01 15:30:13,77.48,-69.36,31.86,84,0,1.43
182,Talnakh,RU,2020-09-01 15:30:13,69.49,88.4,42.8,93,88,8.95
183,Kaitangata,NZ,2020-09-01 15:30:13,-46.28,169.85,34.0,85,0,4.0
184,College,US,2020-09-01 15:30:14,64.86,-147.8,46.99,93,90,0.6
185,Jiayuguan,CN,2020-09-01 15:30:14,39.82,98.3,67.57,24,93,8.19
186,Praia,CV,2020-09-01 15:30:14,14.92,-23.51,86.0,62,40,16.11
187,Kamenka,RU,2020-09-01 15:30:15,51.32,42.77,91.0,24,0,2.28
188,Chingirlau,KZ,2020-09-01 15:30:15,51.09,54.08,75.85,29,0,5.19
189,Port Hardy,CA,2020-09-01 15:30:01,50.7,-127.42,55.4,100,90,3.36
190,Banepa,NP,2020-09-01 15:30:16,27.63,85.52,73.4,100,75,3.36
191,Bridlington,GB,2020-09-01 15:30:16,54.08,-0.19,68.0,45,39,4.7
192,Lasa,IT,2020-09-01 15:30:16,46.62,10.7,63.0,54,20,9.17
193,Kalakamati,BW,2020-09-01 15:30:16,-20.59,27.31,59.0,82,90,17.22
194,Mareeba,AU,2020-09-01 15:30:17,-17.0,145.43,71.6,73,90,14.99
195,Revda,RU,2020-09-01 15:30:17,56.8,59.93,75.2,57,95,13.42
196,Jennings,US,2020-09-01 15:30:18,38.72,-90.26,75.2,69,90,8.05
197,Itoman,JP,2020-09-01 15:30:18,26.12,127.67,84.2,83,75,33.33
198,Chapais,CA,2020-09-01 15:25:53,49.78,-74.85,60.08,73,100,10.94
199,North Platte,US,2020-09-01 15:30:18,41.12,-100.77,66.0,67,1,10.38
200,Oostburg,US,2020-09-01 15:30:19,43.62,-87.79,69.8,56,1,3.29
201,Ribeira Grande,PT,2020-09-01 15:30:19,38.52,-28.7,75.2,73,40,8.05
202,Ust-Omchug,RU,2020-09-01 15:30:19,61.15,149.63,43.66,86,100,4.29
203,Mitsamiouli,KM,2020-09-01 15:30:20,-11.38,43.28,78.8,78,40,12.75
204,Peniche,PT,2020-09-01 15:30:21,39.36,-9.38,77.0,60,31,15.01
205,New Ulm,US,2020-09-01 15:30:21,44.31,-94.46,63.0,67,1,6.93
206,La Seyne-Sur-Mer,FR,2020-09-01 15:27:00,43.1,5.88,81.0,63,100,8.01
207,Conway,US,2020-09-01 15:29:39,35.09,-92.44,75.2,100,75,4.7
208,Hamilton,US,2020-09-01 15:30:07,39.18,-84.53,82.0,83,40,5.82
209,Kruisfontein,ZA,2020-09-01 15:30:22,-34.0,24.73,64.99,66,45,15.99
210,Sao Joao Da Barra,BR,2020-09-01 15:30:22,-21.64,-41.05,80.6,54,75,13.87
211,Hilo,US,2020-09-01 15:30:23,19.73,-155.09,73.4,88,75,4.7
212,Esik,KZ,2020-09-01 15:30:23,43.36,77.45,73.4,53,90,4.47
213,Bontang,ID,2020-09-01 15:25:59,0.13,117.5,77.63,86,61,4.74
214,Ulaangom,MN,2020-09-01 15:30:23,49.98,92.07,57.29,55,0,2.98
215,Hualmay,PE,2020-09-01 15:30:24,-11.1,-77.61,64.9,69,89,14.61
216,Mahebourg,MU,2020-09-01 15:30:24,-20.41,57.7,71.6,83,75,9.17
217,Kidal,ML,2020-09-01 15:30:24,18.44,1.41,95.27,33,26,11.12
218,Martapura,ID,2020-09-01 15:30:25,-3.42,114.85,78.8,88,75,1.12
219,Luganville,VU,2020-09-01 15:30:25,-15.53,167.17,77.0,83,75,3.36
220,Portland,US,2020-09-01 15:28:12,45.52,-122.68,63.0,72,20,3.36
221,Cururupu,BR,2020-09-01 15:30:25,-1.83,-44.87,89.47,47,39,6.73
222,Guerrero Negro,MX,2020-09-01 15:30:26,27.98,-114.06,73.74,66,100,7.67
223,Narsaq,GL,2020-09-01 15:30:26,60.92,-46.05,48.2,70,75,4.7
224,Talara,PE,2020-09-01 15:30:27,-4.58,-81.27,69.8,68,100,20.8
225,Den Helder,NL,2020-09-01 15:30:27,52.96,4.76,62.01,72,90,3.36
226,Saint-Joseph,RE,2020-09-01 15:30:28,-21.37,55.62,71.6,64,20,12.75
227,Honningsvag,NO,2020-09-01 15:30:28,70.98,25.97,50.0,66,75,9.17
228,Kholodnyy,RU,2020-09-01 15:30:29,62.72,147.95,43.68,89,100,3.29
229,Upernavik,GL,2020-09-01 15:30:29,72.79,-56.15,39.11,87,88,11.01
230,Uyuni,BO,2020-09-01 15:30:29,-20.46,-66.83,57.52,38,11,29.37
231,Kaniama,CD,2020-09-01 15:30:29,-7.57,24.18,76.33,63,56,2.89
232,Hobyo,SO,2020-09-01 15:30:29,5.35,48.53,78.94,78,15,29.19
233,Buraydah,SA,2020-09-01 15:26:15,26.33,43.98,104.0,16,40,5.82
234,Mount Gambier,AU,2020-09-01 15:30:30,-37.83,140.77,55.4,43,100,19.46
235,Lukovetskiy,RU,2020-09-01 15:30:30,64.3,41.92,55.4,76,20,6.71
236,Bahia Blanca,AR,2020-09-01 15:29:19,-38.72,-62.27,53.91,42,91,6.26
237,Pangody,RU,2020-09-01 15:30:31,65.85,74.49,48.58,79,84,12.06
238,Ancud,CL,2020-09-01 15:30:31,-41.87,-73.82,53.01,50,0,5.99
239,Qui Nhon,VN,2020-09-01 15:30:32,13.77,109.23,80.49,78,69,4.27
240,Nampula,MZ,2020-09-01 15:30:32,-15.12,39.27,84.0,42,20,12.75
241,Veinticinco De Mayo,AR,2020-09-01 15:30:32,-35.43,-60.17,50.0,61,100,7.0
242,Tocopilla,CL,2020-09-01 15:30:32,-22.09,-70.2,62.26,59,42,9.04
243,Manado,ID,2020-09-01 15:30:33,1.49,124.85,77.0,88,20,1.12
244,Bobo Dioulasso,BF,2020-09-01 15:30:33,11.18,-4.3,77.0,88,40,9.17
245,Goksun,TR,2020-09-01 15:30:33,38.02,36.5,102.2,14,20,9.17
246,Pisco,PE,2020-09-01 15:30:34,-13.7,-76.22,66.2,63,42,9.17
247,Chulman,RU,2020-09-01 15:30:34,56.85,124.91,45.86,92,80,4.59
248,Asyut,EG,2020-09-01 15:30:34,27.18,31.18,97.21,11,0,10.65
249,Esperance,AU,2020-09-01 15:30:35,-33.87,121.9,48.2,81,89,14.99
250,Sucua,EC,2020-09-01 15:30:35,-2.47,-78.17,64.4,93,90,3.36
251,Edson,CA,2020-09-01 15:30:36,53.58,-116.44,59.0,47,1,16.11
252,Salme,NP,2020-09-01 15:30:36,28.04,85.09,73.4,100,75,3.36
253,Bestobe,KZ,2020-09-01 15:30:36,52.5,73.1,69.57,72,82,2.15
254,Portobelo,PA,2020-09-01 15:30:37,9.55,-79.65,84.99,78,99,5.99
255,Colonia,DE,2020-09-01 15:30:37,50.93,6.95,68.0,87,40,4.7
256,Zaragoza,ES,2020-09-01 15:30:37,41.66,-0.88,82.99,21,100,6.93
257,Vao,NC,2020-09-01 15:30:38,-22.67,167.48,67.89,70,62,14.52
258,Lodwar,KE,2020-09-01 15:30:38,3.12,35.6,93.13,25,0,8.66
259,Kropotkin,RU,2020-09-01 15:30:39,45.44,40.58,82.72,40,0,9.62
260,Killybegs,IE,2020-09-01 15:30:39,54.63,-8.45,66.2,63,75,9.17
261,Makakilo City,US,2020-09-01 15:30:39,21.35,-158.09,78.8,69,1,4.7
262,Arraial Do Cabo,BR,2020-09-01 15:30:39,-22.97,-42.03,77.0,78,40,9.17
263,Yulara,AU,2020-09-01 15:30:40,-25.24,130.99,66.2,19,0,8.05
264,Nuuk,GL,2020-09-01 15:30:40,64.18,-51.72,50.0,71,40,9.17
265,Hella,NO,2020-09-01 15:30:40,67.2,14.43,59.0,72,39,4.7
266,Samarai,PG,2020-09-01 15:30:41,-10.62,150.67,77.36,88,97,15.55
267,Smithers,CA,2020-09-01 15:30:02,54.78,-127.17,50.0,87,75,3.36
268,Bilibino,RU,2020-09-01 15:30:41,68.05,166.44,32.88,93,89,4.12
269,Mariselu,RO,2020-09-01 15:30:42,47.02,24.52,79.0,57,40,9.17
270,Nioro,GM,2020-09-01 15:30:42,13.35,-15.75,82.24,83,95,10.13
271,Cap-Aux-Meules,CA,2020-09-01 15:30:42,47.38,-61.86,60.8,67,40,10.29
272,Fairbanks,US,2020-09-01 15:27:58,64.84,-147.72,48.2,93,90,1.45
273,Dali,CN,2020-09-01 15:27:25,25.7,100.18,62.76,79,2,3.65
274,Lazarev,RU,2020-09-01 15:30:43,52.23,141.51,60.57,95,100,15.28
275,Acapulco,MX,2020-09-01 15:30:43,16.86,-99.89,82.4,74,20,5.82
276,Malartic,CA,2020-09-01 15:29:42,48.13,-78.13,68.0,72,75,8.05
277,Meulaboh,ID,2020-09-01 15:30:43,4.14,96.13,76.98,87,100,6.22
278,Lebu,CL,2020-09-01 15:30:44,-37.62,-73.65,54.41,77,2,4.07
279,Boende,CD,2020-09-01 15:30:44,-0.22,20.87,74.21,94,100,2.73
280,Leningradskiy,RU,2020-09-01 15:30:44,69.38,178.42,36.64,95,100,4.74
281,Bilma,NE,2020-09-01 15:30:45,18.69,12.92,102.9,12,0,2.91
282,Hofn,IS,2020-09-01 15:30:45,64.25,-15.21,51.35,92,100,12.91
283,Weyburn,CA,2020-09-01 15:29:15,49.67,-103.85,66.0,40,92,27.0
284,Ornskoldsvik,SE,2020-09-01 15:30:45,63.29,18.72,60.8,59,0,9.17
285,Rawatbhata,IN,2020-09-01 15:30:46,24.93,75.58,78.62,85,72,9.53
286,Vila Franca Do Campo,PT,2020-09-01 15:30:46,37.72,-25.43,77.0,69,75,9.17
287,Lodja,CD,2020-09-01 15:30:46,-3.48,23.43,83.84,59,70,2.28
288,Chuzhou,CN,2020-09-01 15:30:46,32.32,118.3,77.0,93,0,1.01
289,Pankrushikha,RU,2020-09-01 15:30:47,53.83,80.34,60.55,82,25,6.06
290,Nome,US,2020-09-01 15:30:47,64.5,-165.41,45.0,75,90,8.05
291,Jadu,LY,2020-09-01 15:30:47,31.95,12.03,82.49,54,11,15.21
292,Sakakah,SA,2020-09-01 15:30:48,29.97,40.21,105.8,5,0,6.8
293,Ucluelet,CA,2020-09-01 15:28:29,48.93,-125.55,57.0,100,90,3.36
294,Calella,ES,2020-09-01 15:30:48,41.62,2.67,75.99,64,100,5.99
295,Seoul,KR,2020-09-01 15:28:16,37.57,126.98,77.0,94,90,4.7
296,Grand Gaube,MU,2020-09-01 15:30:49,-20.01,57.66,72.0,76,2,5.99
297,Aykhal,RU,2020-09-01 15:30:49,66.0,111.5,44.6,87,90,4.47
298,Ziyang,CN,2020-09-01 15:30:49,29.25,117.85,74.93,91,18,1.86
299,La Grande,US,2020-09-01 15:30:50,45.32,-118.09,53.01,66,1,4.52
300,Hambantota,LK,2020-09-01 15:30:50,6.12,81.12,78.8,100,90,4.7
301,Yashkino,RU,2020-09-01 15:30:51,55.87,85.43,57.2,100,21,8.95
302,Pascagoula,US,2020-09-01 15:26:28,30.37,-88.56,89.6,75,20,9.17
303,Vestmannaeyjar,IS,2020-09-01 15:30:51,63.44,-20.27,53.6,81,40,13.87
304,Bafoulabe,ML,2020-09-01 15:30:51,13.81,-10.83,77.47,91,98,5.3
305,Vrangel,RU,2020-09-01 15:30:52,42.73,133.08,63.28,90,27,7.18
306,Prince Rupert,CA,2020-09-01 15:29:01,54.32,-130.32,55.4,100,90,4.7
307,Matamoros,MX,2020-09-01 15:30:52,25.53,-103.25,82.4,51,40,4.63
308,Prokudskoye,RU,2020-09-01 15:30:52,55.01,82.46,60.8,82,59,8.95
309,Ous,RU,2020-09-01 15:30:53,60.91,61.52,49.03,97,95,2.48
310,Mehamn,NO,2020-09-01 15:30:53,71.04,27.85,50.0,66,20,11.41
311,Atar,MR,2020-09-01 15:30:53,20.52,-13.05,106.63,10,15,13.27
312,Nemuro,JP,2020-09-01 15:30:54,43.32,145.57,56.98,92,0,8.16
313,Port Lincoln,AU,2020-09-01 15:30:54,-34.73,135.87,58.17,81,97,23.0
314,Narasannapeta,IN,2020-09-01 15:30:54,18.42,84.05,83.52,82,100,0.74
315,Port Elizabeth,ZA,2020-09-01 15:30:55,-33.92,25.57,64.4,68,40,26.4
316,Victoria,HK,2020-09-01 15:27:00,22.29,114.16,84.99,74,42,11.99
317,Ubinskoye,RU,2020-09-01 15:30:55,55.31,79.68,54.82,89,22,8.93
318,Sennoy,RU,2020-09-01 15:30:55,52.15,46.96,73.89,38,0,4.5
319,Akureyri,IS,2020-09-01 15:26:31,65.68,-18.09,57.2,62,75,13.87
320,Merauke,ID,2020-09-01 15:30:56,-8.47,140.33,76.68,81,100,17.81
321,San Buenaventura,MX,2020-09-01 15:30:56,27.08,-101.53,91.15,49,22,2.06
322,Santa Lucia,ES,2020-09-01 15:30:56,27.91,-15.54,80.6,65,20,18.34
323,Lerwick,GB,2020-09-01 15:30:16,60.15,-1.15,59.0,77,20,16.11
324,Salalah,OM,2020-09-01 15:30:57,17.02,54.09,77.0,94,75,5.82
325,Zemio,CF,2020-09-01 15:30:57,5.03,25.14,77.11,89,88,2.37
326,Nago,JP,2020-09-01 15:30:57,26.59,127.98,84.2,83,1,33.33
327,Hunterville,NZ,2020-09-01 15:30:58,-39.93,175.57,48.0,88,89,1.99
328,Ambilobe,MG,2020-09-01 15:30:58,-13.2,49.05,71.78,75,76,1.1
329,Galgamacsa,HU,2020-09-01 15:30:58,47.7,19.39,66.99,68,75,13.87
330,Roald,NO,2020-09-01 15:30:59,62.58,6.13,61.0,72,20,12.75
331,Staryy Nadym,RU,2020-09-01 15:30:59,65.61,72.68,48.4,74,98,10.31
332,Grand-Lahou,CI,2020-09-01 15:30:59,5.14,-5.02,77.79,75,69,9.57
333,Ossora,RU,2020-09-01 15:31:00,59.24,163.07,47.64,72,100,12.55
334,Betsiamites,CA,2020-09-01 15:31:00,48.94,-68.65,59.0,67,40,6.93
335,Aksarka,RU,2020-09-01 15:31:00,66.56,67.8,46.27,96,100,5.37
336,Padang,ID,2020-09-01 15:31:01,-0.95,100.35,78.04,79,96,4.16
337,Severo-Kurilsk,RU,2020-09-01 15:31:01,50.68,156.12,49.75,65,100,5.99
338,Tim,RU,2020-09-01 15:31:02,51.62,37.12,89.6,18,0,6.71
339,Champagnole,FR,2020-09-01 15:31:02,46.74,5.91,66.99,55,39,5.99
340,Ullapool,GB,2020-09-01 15:31:02,57.9,-5.16,64.99,64,73,4.0
341,San Patricio,MX,2020-09-01 15:31:03,19.22,-104.7,86.0,79,40,6.93
342,Jalu,LY,2020-09-01 15:31:03,29.03,21.55,97.54,13,0,11.16
343,Souillac,MU,2020-09-01 15:31:03,-20.52,57.52,71.6,83,75,9.17
344,Brae,GB,2020-09-01 15:31:03,60.4,-1.35,59.0,77,20,16.11
345,Mount Isa,AU,2020-09-01 15:31:04,-20.73,139.5,55.4,35,44,11.48
346,Buala,SB,2020-09-01 15:31:04,-8.14,159.59,79.12,84,98,6.31
347,Lubumbashi,CD,2020-09-01 15:31:05,-11.66,27.48,80.74,23,1,5.21
348,Ambulu,ID,2020-09-01 15:31:05,-8.35,113.61,74.57,91,29,3.74
349,Iqaluit,CA,2020-09-01 15:31:05,63.75,-68.51,48.2,81,5,4.7
350,Rongcheng,CN,2020-09-01 15:31:05,30.63,117.85,75.7,91,21,3.02
351,Barela,IN,2020-09-01 15:31:06,23.1,80.05,77.38,86,91,2.84
352,Niceville,US,2020-09-01 15:29:38,30.52,-86.48,87.8,79,20,4.7
353,Vyazma,RU,2020-09-01 15:31:06,55.21,34.3,59.56,87,60,6.8
354,Lorengau,PG,2020-09-01 15:31:07,-2.02,147.27,78.91,89,100,17.31
355,Qostanay,KZ,2020-09-01 15:31:07,53.17,63.58,77.0,53,4,4.47
356,Komsomolskiy,UZ,2020-09-01 15:31:07,40.43,71.72,77.0,47,1,4.7
357,Novyy Urengoy,RU,2020-09-01 15:31:08,66.08,76.63,52.57,76,65,11.23
358,Ankpa,NG,2020-09-01 15:31:08,7.37,7.63,76.28,88,100,4.88
359,Shitkino,RU,2020-09-01 15:31:08,56.37,98.35,56.68,83,63,5.66
360,Harper,LR,2020-09-01 15:31:09,4.38,-7.72,79.18,68,31,8.37
361,Dobryanka,RU,2020-09-01 15:31:09,58.46,56.42,71.6,78,40,4.47
362,Bac Lieu,VN,2020-09-01 15:31:09,9.29,105.72,82.0,83,100,8.97
363,Langres,FR,2020-09-01 15:31:10,47.83,5.33,69.8,49,41,3.36
364,Tevaitoa,PF,2020-09-01 15:31:10,-16.78,-151.5,77.74,77,43,24.76
365,Camacha,PT,2020-09-01 15:31:11,33.08,-16.33,77.0,61,20,14.99
366,Talcahuano,CL,2020-09-01 15:31:11,-36.72,-73.12,50.0,81,90,3.36
367,Salamiyah,SY,2020-09-01 15:31:11,35.01,37.05,91.47,31,91,13.96
368,Punta Gorda,US,2020-09-01 15:26:20,26.93,-82.05,89.01,66,1,3.53
369,Haines Junction,CA,2020-09-01 15:31:11,60.75,-137.51,48.42,75,100,5.41
370,Dawei,MM,2020-09-01 15:31:12,14.08,98.2,78.48,89,81,1.12
371,Bassar,TG,2020-09-01 15:31:12,9.25,0.78,78.8,74,75,5.82
372,Badou,TG,2020-09-01 15:31:13,7.58,0.6,79.88,71,83,6.15
373,Vokhtoga,RU,2020-09-01 15:31:13,58.81,41.05,52.21,85,100,7.49
374,Luwuk,ID,2020-09-01 15:31:13,-0.95,122.79,77.76,78,99,3.8
375,Forbes,AU,2020-09-01 15:31:13,-33.38,148.02,45.66,91,82,5.86
376,Sault Sainte Marie,CA,2020-09-01 15:30:20,46.52,-84.33,66.2,63,1,3.36
377,Goma,CD,2020-09-01 15:31:14,-1.68,29.22,70.14,65,64,3.58
378,Bereda,ES,2020-09-01 15:31:14,43.27,-7.54,71.01,64,1,14.0
379,Lompoc,US,2020-09-01 15:31:14,34.64,-120.46,60.8,87,90,1.99
380,Ewa Beach,US,2020-09-01 15:27:45,21.32,-158.01,78.8,69,1,4.7
381,Nantucket,US,2020-09-01 15:31:15,41.28,-70.1,69.8,68,1,18.34
382,Constantine,DZ,2020-09-01 15:31:15,36.37,6.61,86.0,20,99,8.05
383,Scalea,IT,2020-09-01 15:31:15,39.81,15.8,84.0,33,5,5.99
384,Carnot,CF,2020-09-01 15:31:15,4.94,15.87,77.67,81,99,3.96
385,Itarema,BR,2020-09-01 15:31:16,-2.92,-39.92,88.47,46,0,18.34
386,Isangel,VU,2020-09-01 15:31:16,-19.55,169.27,66.2,88,75,7.27
387,Sola,VU,2020-09-01 15:31:17,-13.88,167.55,80.6,83,90,24.4
388,Shahabad,IN,2020-09-01 15:31:17,27.65,79.95,84.49,68,89,2.66
389,Simdega,IN,2020-09-01 15:31:17,22.62,84.52,78.39,83,100,4.29
390,Belize,BZ,2020-09-01 15:31:17,17.25,-88.75,87.01,66,12,7.0
391,Tsiroanomandidy,MG,2020-09-01 15:31:18,-18.77,46.03,71.64,27,37,2.8
392,Najran,SA,2020-09-01 15:31:18,17.49,44.13,95.0,12,37,6.93
393,Madera,US,2020-09-01 15:31:18,37.17,-119.83,73.0,45,0,3.49
394,Khandyga,RU,2020-09-01 15:31:18,62.67,135.6,45.97,91,1,1.23
395,Birao,CF,2020-09-01 15:31:19,10.28,22.79,81.54,78,88,1.5
396,Ginir,ET,2020-09-01 15:31:19,7.13,40.7,62.74,81,100,9.53
397,Porto Santo,PT,2020-09-01 15:31:19,33.07,-16.34,77.0,61,20,14.99
398,Nhulunbuy,AU,2020-09-01 15:31:20,-12.23,136.77,71.6,88,99,3.36
399,Praia Da Vitoria,PT,2020-09-01 15:31:20,38.73,-27.07,77.0,65,20,7.11
400,Karasjok,NO,2020-09-01 15:31:20,69.47,25.51,51.8,71,75,18.34
401,Bardstown,US,2020-09-01 15:31:21,37.81,-85.47,81.0,83,90,4.7
402,Constitucion,CL,2020-09-01 15:31:21,-35.33,-72.42,53.53,69,1,5.06
403,Yenotayevka,RU,2020-09-01 15:31:21,47.25,47.03,88.0,22,0,10.96
404,Pevek,RU,2020-09-01 15:31:22,69.7,170.31,35.96,91,83,5.5
405,Ngunguru,NZ,2020-09-01 15:31:22,-35.62,174.5,54.0,3,96,5.01
406,Christchurch,NZ,2020-09-01 15:27:03,-43.53,172.63,39.99,86,100,4.7
407,Pouembout,NC,2020-09-01 15:31:22,-21.13,164.9,65.64,78,79,7.14
408,Ginda,IN,2020-09-01 15:31:23,30.69,78.49,65.46,90,100,1.21
409,Yinchuan,CN,2020-09-01 15:30:41,38.47,106.27,67.91,33,8,11.45
410,Nanakuli,US,2020-09-01 15:31:23,21.39,-158.15,78.01,69,1,4.7
411,Pochutla,MX,2020-09-01 15:31:23,15.74,-96.47,80.6,65,5,2.93
412,Toora-Khem,RU,2020-09-01 15:31:23,52.47,96.11,50.25,74,76,2.91
413,Bunia,CD,2020-09-01 15:31:24,1.57,30.25,67.77,84,34,4.16
414,Lata,PT,2020-09-01 15:31:24,40.16,-8.33,78.01,77,0,11.99
415,San Quintin,MX,2020-09-01 15:31:24,30.48,-115.95,69.42,77,47,5.77
416,Ambon,ID,2020-09-01 15:31:25,-3.7,128.18,75.2,94,40,9.17
417,Guanica,PR,2020-09-01 15:31:25,17.97,-66.91,87.01,74,74,5.99
418,Cockburn Town,TC,2020-09-01 15:31:25,21.46,-71.14,83.88,82,2,19.91
419,Maraba,BR,2020-09-01 15:31:25,-5.37,-49.12,91.4,52,75,6.93
420,Gaya,IN,2020-09-01 15:31:26,24.78,85.0,86.0,84,75,0.63
421,Beyneu,KZ,2020-09-01 15:31:26,45.32,55.2,81.66,18,0,2.17
422,Langsa,ID,2020-09-01 15:31:26,4.47,97.97,76.86,93,96,2.51
423,Palmerston,AU,2020-09-01 15:31:27,-12.49,130.98,78.8,69,86,5.82
424,Tutoia,BR,2020-09-01 15:31:27,-2.76,-42.27,88.07,45,0,12.28
425,Luebo,CD,2020-09-01 15:31:27,-5.35,21.42,86.34,52,84,2.84
426,Omboue,GA,2020-09-01 15:31:27,-1.57,9.26,76.23,76,96,10.04
427,Novaya Lyalya,RU,2020-09-01 15:31:28,59.05,60.6,60.04,96,94,4.54
428,Maamba,ZM,2020-09-01 15:31:28,-17.37,27.15,78.98,34,0,6.76
429,Kiruna,SE,2020-09-01 15:31:28,67.86,20.23,59.0,54,34,4.7
430,Gat,IL,2020-09-01 15:31:28,31.61,34.76,87.01,79,0,10.18
431,Kununurra,AU,2020-09-01 15:31:29,-15.77,128.73,75.2,44,29,4.7
432,Ascoli Piceno,IT,2020-09-01 15:31:29,42.85,13.57,75.99,55,64,3.56
433,Evensk,RU,2020-09-01 15:31:29,61.95,159.23,44.85,92,90,3.78
434,North Myrtle Beach,US,2020-09-01 15:30:46,33.82,-78.68,88.0,74,75,6.93
435,Yonago,JP,2020-09-01 15:31:30,35.43,133.33,78.8,94,40,4.7
436,Devin,BG,2020-09-01 15:27:44,41.74,24.4,95.0,23,0,5.82
437,Mezen,RU,2020-09-01 15:31:30,65.85,44.24,49.55,83,32,4.94
438,Antofagasta,CL,2020-09-01 15:29:32,-23.65,-70.4,59.0,67,40,16.11
439,Huarmey,PE,2020-09-01 15:31:31,-10.07,-78.15,66.02,68,73,13.47
440,Biak,ID,2020-09-01 15:31:32,-0.91,122.88,77.32,82,99,4.94
441,Manggar,ID,2020-09-01 15:31:32,-2.88,108.27,81.12,80,78,12.71
442,Skibbereen,IE,2020-09-01 15:31:32,51.55,-9.27,60.8,93,75,12.75
443,Aketi,CD,2020-09-01 15:31:32,2.74,23.78,76.41,92,97,3.29
444,Vanavara,RU,2020-09-01 15:31:33,60.34,102.28,57.36,94,100,11.39
445,Bogorodskoye,RU,2020-09-01 15:31:33,56.55,37.88,57.16,83,50,7.87
446,Ulaanbaatar,MN,2020-09-01 15:31:33,47.91,106.88,39.2,86,3,4.47
447,Fujin,CN,2020-09-01 15:31:34,47.26,132.03,63.19,98,100,7.18
448,Gari,RU,2020-09-01 15:31:34,59.43,62.35,52.88,98,100,6.04
449,Qingyuan,CN,2020-09-01 15:31:34,23.7,113.03,87.01,74,0,2.24
450,Monroe,US,2020-09-01 15:31:34,43.15,-77.68,77.0,64,75,11.41
451,Yaan,NG,2020-09-01 15:31:35,7.38,8.57,77.23,89,100,5.06
452,Mahon,ES,2020-09-01 15:31:35,39.89,4.27,78.8,44,20,8.05
453,Chiredzi,ZW,2020-09-01 15:31:35,-21.05,31.67,61.27,88,100,12.19
454,Luderitz,NA,2020-09-01 15:31:35,-26.65,15.16,57.88,64,0,10.33
455,Namatanai,PG,2020-09-01 15:31:36,-3.67,152.43,77.4,85,100,10.49
456,Yatou,CN,2020-09-01 15:31:36,37.15,122.38,70.81,92,0,2.3
457,Majholi,IN,2020-09-01 15:31:36,23.5,79.92,77.36,89,72,4.05
458,Astorga,BR,2020-09-01 15:31:37,-23.23,-51.67,82.4,54,11,16.11
459,Asahikawa,JP,2020-09-01 15:31:37,43.77,142.37,58.17,81,0,3.62
460,Poya,NC,2020-09-01 15:31:37,-21.35,165.15,64.96,78,71,8.19
461,Makat,KZ,2020-09-01 15:31:38,47.65,53.35,87.21,15,0,8.7
462,Belawan,ID,2020-09-01 15:31:38,3.78,98.68,79.11,75,100,9.46
463,Wagar,SD,2020-09-01 15:31:38,16.15,36.2,94.77,33,29,1.16
464,Marsh Harbour,BS,2020-09-01 15:31:39,26.54,-77.06,85.66,64,11,8.68
465,La Rioja,ES,2020-09-01 15:31:39,42.25,-2.5,77.0,27,100,9.17
466,Green River,US,2020-09-01 15:31:39,41.53,-109.47,44.6,43,1,21.92
467,Axim,GH,2020-09-01 15:31:39,4.87,-2.24,78.35,75,36,11.65
468,Salinopolis,BR,2020-09-01 15:31:40,-0.61,-47.36,84.36,69,26,12.5
469,Lulea,SE,2020-09-01 15:31:40,65.58,22.15,59.0,67,66,9.17
470,Akyab,MM,2020-09-01 15:31:40,20.15,92.9,80.53,84,92,7.36
471,Los Llanos De Aridane,ES,2020-09-01 15:31:40,28.66,-17.92,77.0,78,75,10.29
472,Misratah,LY,2020-09-01 15:31:41,32.38,15.09,83.7,67,0,12.88
473,Alice Springs,AU,2020-09-01 15:30:48,-23.7,133.88,66.2,20,13,5.82
474,Asfi,MA,2020-09-01 15:31:41,32.3,-9.24,77.63,59,32,20.58
475,Nalut,LY,2020-09-01 15:31:41,30.33,10.85,103.57,13,0,13.06
476,Limbang,MY,2020-09-01 15:31:42,4.75,115.0,78.8,100,75,3.36
477,Saint-Georges,GD,2020-09-01 15:28:29,12.06,-61.75,87.8,70,20,5.82
478,Antipino,RU,2020-09-01 15:31:42,57.11,65.76,71.6,73,92,11.18
479,Villazon,BO,2020-09-01 15:31:42,-22.09,-65.59,64.31,29,46,28.23
480,Jepelacio,PE,2020-09-01 15:31:43,-6.12,-76.95,68.23,86,100,2.86
481,Mahina,PF,2020-09-01 15:31:43,-17.51,-149.49,73.4,73,20,3.36
482,Okhotsk,RU,2020-09-01 15:31:43,59.38,143.3,53.44,78,99,8.21
483,Luau,AO,2020-09-01 15:31:44,-10.71,22.22,87.91,29,70,5.93
484,Beringovskiy,RU,2020-09-01 15:31:44,63.05,179.32,45.25,71,92,6.22
485,Half Moon Bay,US,2020-09-01 15:31:44,37.46,-122.43,63.0,87,90,6.93
486,Antalaha,MG,2020-09-01 15:31:44,-14.9,50.28,70.99,81,17,10.58
487,Kangaba,ML,2020-09-01 15:31:45,11.93,-8.42,72.7,94,100,7.92
488,Sioux Lookout,CA,2020-09-01 15:30:47,50.1,-91.92,59.0,67,40,10.29
489,Pangnirtung,CA,2020-09-01 15:31:45,66.15,-65.71,50.0,71,75,8.05
490,Nizwa,OM,2020-09-01 15:31:45,22.93,57.53,94.23,18,0,6.49
491,Mugur-Aksy,RU,2020-09-01 15:31:45,50.35,90.5,49.32,50,0,3.76
492,Kautokeino,NO,2020-09-01 15:31:46,69.01,23.04,52.25,66,94,8.16
493,Margate,GB,2020-09-01 15:31:46,51.38,1.39,64.99,79,43,1.99
494,Durant,US,2020-09-01 15:31:46,33.99,-96.37,69.8,94,90,8.05
495,Flinders,AU,2020-09-01 15:31:47,-34.58,150.86,55.0,69,55,5.99
496,Nyurba,RU,2020-09-01 15:31:47,63.28,118.33,43.99,93,18,1.7
497,Dunedin,NZ,2020-09-01 15:31:47,-45.87,170.5,37.99,75,0,4.36
498,Cascais,PT,2020-09-01 15:31:47,38.7,-9.42,75.99,53,20,25.28
499,Lagoa,PT,2020-09-01 15:31:48,39.05,-27.98,72.18,67,31,5.91
500,Angoche,MZ,2020-09-01 15:31:48,-16.23,39.91,75.2,79,52,10.96
501,Vostok,RU,2020-09-01 15:31:48,46.49,135.88,57.61,88,100,4.25
502,Isernia,IT,2020-09-01 15:31:49,41.6,14.24,81.0,51,16,13.0
503,Mizan Teferi,ET,2020-09-01 15:31:49,6.98,35.58,65.3,91,99,2.06
504,Morant Bay,JM,2020-09-01 15:31:49,17.88,-76.41,91.4,55,40,25.28
505,Port Hedland,AU,2020-09-01 15:31:49,-20.32,118.57,68.0,77,34,5.82
506,Natal,BR,2020-09-01 15:27:06,-5.79,-35.21,84.2,62,75,20.8
507,Sobolevo,RU,2020-09-01 15:31:50,54.43,31.9,62.13,82,59,6.08
508,Galesong,ID,2020-09-01 15:31:50,-5.32,119.37,77.0,100,40,2.24
509,Larsnes,NO,2020-09-01 15:31:50,62.2,5.58,68.0,42,3,10.29
510,Belyy Yar,RU,2020-09-01 15:31:51,53.6,91.39,66.2,59,83,6.71
511,Springbok,ZA,2020-09-01 15:31:51,-29.66,17.89,51.69,44,0,16.89
512,Susangerd,IR,2020-09-01 15:31:51,31.56,48.18,105.8,32,1,2.24
513,Bardiyah,LY,2020-09-01 15:31:51,31.76,25.09,80.49,76,0,16.98
514,Gloucester,GB,2020-09-01 15:31:51,51.87,-2.24,68.0,52,20,2.24
515,Brownsville,US,2020-09-01 15:29:30,25.9,-97.5,91.4,63,40,27.51
516,Beruwala,LK,2020-09-01 15:31:52,6.48,79.98,79.18,84,100,5.39
517,Villa Union,MX,2020-09-01 15:31:52,23.2,-106.23,81.0,88,75,3.67
518,Saryozek,KZ,2020-09-01 15:31:52,44.36,77.98,72.93,33,66,1.43
519,Pesqueira,BR,2020-09-01 15:28:29,-8.36,-36.7,79.16,48,79,16.58
520,Novyy Urgal,RU,2020-09-01 15:31:53,51.07,132.56,54.07,96,59,2.28
521,Gorontalo,ID,2020-09-01 15:31:53,0.54,123.06,75.79,88,100,2.59
522,Chukhloma,RU,2020-09-01 15:31:53,58.75,42.68,51.19,86,100,10.54
523,Sambava,MG,2020-09-01 15:31:54,-14.27,50.17,72.16,80,0,13.89
524,Ninh Binh,VN,2020-09-01 15:31:54,20.25,105.97,82.29,70,6,4.18
525,Soltsy,RU,2020-09-01 15:31:54,58.12,30.32,58.95,90,66,3.47
526,San-Pedro,CI,2020-09-01 15:31:54,4.75,-6.64,78.82,69,48,9.6
527,La Trinidad,PH,2020-09-01 15:31:55,16.45,120.59,63.28,100,95,1.34
528,General Roca,AR,2020-09-01 15:31:55,-39.03,-67.58,51.8,36,92,17.22
529,Wewak,PG,2020-09-01 15:31:55,-3.55,143.63,80.53,82,96,16.2
530,Alakurtti,RU,2020-09-01 15:31:55,66.97,30.35,55.0,68,76,3.0
531,Gelemso,ET,2020-09-01 15:31:56,8.82,40.52,60.26,91,98,5.91
532,Malakal,SS,2020-09-01 15:31:56,9.53,31.66,77.47,87,50,1.83
533,Tshikapa,CD,2020-09-01 15:31:56,-6.42,20.8,85.98,49,100,6.06
534,Saskylakh,RU,2020-09-01 15:31:57,71.92,114.08,39.11,88,26,6.2
535,Benguela,AO,2020-09-01 15:31:57,-12.58,13.41,71.6,83,20,9.17
536,Sokoto,NG,2020-09-01 15:31:57,13.06,5.24,89.38,49,59,3.85
537,Eureka,US,2020-09-01 15:31:57,40.8,-124.16,53.01,100,37,2.57
538,Bacolod,PH,2020-09-01 15:31:58,10.67,122.95,79.36,81,10,5.41
539,Caravelas,BR,2020-09-01 15:31:58,-17.71,-39.25,79.57,59,4,8.88
540,Texarkana,US,2020-09-01 15:31:58,33.43,-94.05,84.2,74,90,14.99
541,Lhokseumawe,ID,2020-09-01 15:31:59,5.18,97.15,80.4,79,100,3.27
542,Marienburg,PL,2020-09-01 15:31:59,54.04,19.03,64.0,67,20,12.75
543,Shahdadkot,PK,2020-09-01 15:31:59,27.85,67.91,89.91,57,0,9.01
544,Tres Arroyos,AR,2020-09-01 15:31:59,-38.37,-60.28,51.24,47,0,9.6
545,Kaihua,CN,2020-09-01 15:32:00,23.37,104.28,65.41,83,81,2.08
546,Pringsewu,ID,2020-09-01 15:32:00,-5.36,104.97,74.05,93,43,3.58
547,Myrtle Beach,US,2020-09-01 15:30:08,33.69,-78.89,89.01,79,40,6.93
548,Hwange,ZW,2020-09-01 15:32:00,-18.37,26.5,81.28,34,1,7.4
549,Orel-Izumrud,RU,2020-09-01 15:32:01,43.46,39.92,80.6,61,0,8.95
550,Ozinki,RU,2020-09-01 15:32:01,51.18,49.68,76.78,31,0,3.96
551,Vanimo,PG,2020-09-01 15:32:02,-2.67,141.3,78.48,84,92,5.77
552,Calafell,ES,2020-09-01 15:32:02,41.2,1.57,82.0,100,100,5.99
553,Husavik,IS,2020-09-01 15:32:02,66.04,-17.34,57.2,62,75,13.87
554,Mtambile,TZ,2020-09-01 15:32:03,-5.38,39.7,76.6,76,0,15.01
555,Matai,TZ,2020-09-01 15:32:03,-8.3,31.52,77.0,16,5,9.17
556,Venado,MX,2020-09-01 15:32:03,22.93,-101.08,75.43,50,25,3.51
557,Shingu,JP,2020-09-01 15:32:03,33.73,135.98,78.64,91,89,7.67
558,Lokosovo,RU,2020-09-01 15:32:04,61.13,74.82,52.59,94,100,9.01
559,Karratha,AU,2020-09-01 15:32:04,-20.74,116.85,76.05,34,45,10.6
560,Am Timan,TD,2020-09-01 15:32:05,11.03,20.28,82.0,81,84,2.19
561,Zhigalovo,RU,2020-09-01 15:32:05,54.81,105.16,50.02,85,46,2.68
562,Xacmaz,AZ,2020-09-01 15:32:05,41.46,48.81,78.76,45,0,20.27
563,Port Blair,IN,2020-09-01 15:31:35,11.67,92.75,82.06,79,83,4.56
564,Kichera,RU,2020-09-01 15:32:06,55.94,110.1,48.58,80,44,0.65
565,Ternate,ID,2020-09-01 15:32:06,0.8,127.4,81.01,78,82,3.47
566,Bougouni,ML,2020-09-01 15:32:06,11.42,-7.48,77.18,89,100,8.41
567,Sisimiut,GL,2020-09-01 15:32:07,66.94,-53.67,44.55,72,24,17.4
568,Kaohsiung,TW,2020-09-01 15:32:07,22.62,120.31,84.2,79,75,4.7
569,Jilib,SO,2020-09-01 15:32:07,0.49,42.79,76.87,70,14,10.45
570,Amazar,RU,2020-09-01 15:32:07,53.86,120.88,51.51,90,100,3.33
571,Vaitape,PF,2020-09-01 15:32:08,-16.52,-151.75,77.88,77,73,23.64
572,Tootsi,EE,2020-09-01 15:32:08,58.58,24.79,60.01,78,43,1.99
573,Davidson,US,2020-09-01 15:31:02,36.15,-86.78,82.0,83,75,5.82
574,Wonthaggi,AU,2020-09-01 15:32:08,-38.6,145.59,48.0,82,100,9.44
575,Prainha,BR,2020-09-01 15:32:09,-1.8,-53.48,93.0,43,0,7.0
576,Viramgam,IN,2020-09-01 15:32:09,23.12,72.05,82.4,88,40,7.99
577,Churapcha,RU,2020-09-01 15:32:09,62.0,132.43,47.1,88,0,2.73
